picture_id,filename,sha256,file_bytes,source,license
p1,p1.jpg,26a4046323cf348f8eb2b773ea0676b61d66056bf3061c80c2056519751b2b8c,3132541,mobile phone camera,taken by myself
p2,p2.jpg,0e73859deb49557fb9263f225585a27ff3e2a06f7b8441f4ea4d7eb7406b2500,448055,mobile phone camera,taken by myself
p3,p3.jpg,358fed2bf44393334d6f2796b3b6fb0188f1f91b5f39a0804b60a1e2d4194c5a,2197492,mobile phone camera,taken by myself
p4,p4.jpg,16461ddd604e636bf7a54799af12cfd6f248f0b86f386efecfc012493a7631f9,2609448,mobile phone camera,taken by myself
p5,p5.jpg,5daa23f0dded0d54040f7ab086a837f62c24881811c0a20e21f22e7e67aba115,1752892,mobile phone screenshot,game screenshot
p6,p6.jpg,d22a63acf6750f121dfedec512991bdddb7d92a32e063d6621868126f0d74ae1,739982,mobile phone screenshot,game screenshot
p7,p7.jpg,7e1630532f09d2e9c9c1fc2c5cb1146b52bd040ad002a9984f6e25ac84c3a803,2246836,mobile phone screenshot,game screenshot
p8,p8.jpg,afad09719fef239507e4e5e914114ce7e82885a50bd6e4f3f918666350f0954d,1866013,mobile phone screenshot,game screenshot
p9,p9.jpg,2107eba7d80fb9f8ff0d932b7e25e490871701cde1b06efa5977461c1dcc618c,1479605,PC screenshot,game screenshot
p10,p10.jpg,8bf97fae5cece299b17d832215508ddd7fbc30036877c6ffe3d1fdc6bb4b14b0,1318956,PC screenshot,game screenshot
p11,p11.jpg,b7e963d7dd9535e0cbd505135816f0ccf7c98587d83843dc7eb7ad4a8f91f0a2,1203600,PC screenshot,game screenshot
p12,p12.jpg,612da02bec05b94120b8de65331cedf33842514e6877f96e7fc1f9a3ca5d2f39,1173863,PC screenshot,game screenshot
p13,p13.jpg,2b83bff3836b5bc9265fdbd02c0e51c127159fb083004498f27f1f5f32ec18cb,3607718,mobile phone camera,taken by myself
p14,p14.jpg,bea585ff152bb0e4efec746edca1b9d16bdb5dcd4a449d10dae936573faf90db,4027526,mobile phone camera,taken by myself
p15,p15.jpg,2ffbdb4c450c8dc767352a9b85026508d6e254645c89ed18de7eb9d92f283415,3601622,mobile phone camera,taken by myself
p16,p16.jpeg,c0fb1f96ef81ba23a8311b4ef460de6914aeb5208684f5519aecb161d0a21e57,372641,saved from web,web emoji
p17,p17.jpg,50e3057aa61f9c6fadf4b6b0d3e218d9fe2333558540c70048c7467120e2ac4c,12733,saved from web,web emoji
p18,p18.png,d6c9bc4ffe29980882ef964c65638c0223c6c73b6a26ffb1e9ba4d21b8490511,805816,saved from web,web emoji
p19,p19.jpg,a6d2eccc50fd7c7c7c08d39612eaa484b26fc6ac981996532568b96a25fa8c76,177012,saved from web,web emoji
p20,p20.jpeg,5bea21e14239455e610ff9d964624e32fb649fa1768902792ce0e9ae36c8e95b,180179,saved from web,web emoji
